scenario,seed,policy,hit_pre,hit_post,faults_pre,faults_post,gap_to_opt_pre,gap_to_opt_post,hit_drop
random,0,FIFO,0.7354,0.076,2646,9240,0.1563,0.266,0.6594000000000001
random,0,LRU,0.6438,0.0764,3562,9236,0.2479,0.26560000000000006,0.5674
random,0,OPT,0.8917,0.342,1083,6580,0.0,0.0,0.5497000000000001
random,0,Learned-DT (static),0.791,0.0786,2090,9214,0.10070000000000001,0.2634,0.7124
random,0,Learned-LR (static),0.5021,0.0767,4979,9233,0.38960000000000006,0.26530000000000004,0.4254
random,0,Learned-DT (adaptive),0.7538,0.0773,2462,9227,0.13790000000000002,0.26470000000000005,0.6765
random,1,FIFO,0.6684,0.0854,3316,9146,0.21709999999999996,0.2621,0.583
random,1,LRU,0.6087,0.0863,3913,9137,0.27679999999999993,0.2612,0.5224
random,1,OPT,0.8855,0.3475,1145,6525,0.0,0.0,0.538
random,1,Learned-DT (static),0.7788,0.0822,2212,9178,0.1066999999999999,0.2653,0.6966000000000001
random,1,Learned-LR (static),0.493,0.08,5070,9200,0.39249999999999996,0.26749999999999996,0.413
random,1,Learned-DT (adaptive),0.7607,0.0826,2393,9174,0.12479999999999991,0.26489999999999997,0.6781
random,2,FIFO,0.6629,0.0822,3371,9178,0.2158,0.26080000000000003,0.5807
random,2,LRU,0.5819,0.0815,4181,9185,0.29680000000000006,0.2615,0.5004
random,2,OPT,0.8787,0.343,1213,6570,0.0,0.0,0.5357000000000001
random,2,Learned-DT (static),0.7732,0.0857,2268,9143,0.10550000000000004,0.25730000000000003,0.6875
random,2,Learned-LR (static),0.4754,0.0787,5246,9213,0.40330000000000005,0.26430000000000003,0.3967
random,2,Learned-DT (adaptive),0.7412,0.08,2588,9200,0.13750000000000007,0.263,0.6612
random,3,FIFO,0.7105,0.0811,2895,9189,0.17889999999999995,0.2612,0.6294
random,3,LRU,0.6675,0.0811,3325,9189,0.2219,0.2612,0.5864
random,3,OPT,0.8894,0.3423,1106,6577,0.0,0.0,0.5470999999999999
random,3,Learned-DT (static),0.8014,0.0863,1986,9137,0.08799999999999997,0.256,0.7151
random,3,Learned-LR (static),0.4967,0.0781,5033,9219,0.3927,0.2642,0.41859999999999997
random,3,Learned-DT (adaptive),0.7756,0.0817,2244,9183,0.11380000000000001,0.2606,0.6939
random,4,FIFO,0.6565,0.0806,3435,9194,0.2238,0.2637,0.5759
random,4,LRU,0.6105,0.0799,3895,9201,0.26979999999999993,0.26439999999999997,0.5306000000000001
random,4,OPT,0.8803,0.3443,1197,6557,0.0,0.0,0.536
random,4,Learned-DT (static),0.7764,0.079,2236,9210,0.10389999999999999,0.2653,0.6974
random,4,Learned-LR (static),0.5269,0.08,4731,9200,0.35339999999999994,0.2643,0.4469
random,4,Learned-DT (adaptive),0.7194,0.0815,2806,9185,0.16089999999999993,0.2628,0.6379
bursty,0,FIFO,0.7354,0.4265,2646,5735,0.1563,0.15610000000000002,0.30890000000000006
bursty,0,LRU,0.6438,0.4257,3562,5743,0.2479,0.15689999999999998,0.21810000000000002
bursty,0,OPT,0.8917,0.5826,1083,4174,0.0,0.0,0.30910000000000004
bursty,0,Learned-DT (static),0.791,0.397,2090,6030,0.10070000000000001,0.1856,0.394
bursty,0,Learned-LR (static),0.5021,0.1643,4979,8357,0.38960000000000006,0.4183,0.3378
bursty,0,Learned-DT (adaptive),0.7538,0.387,2462,6130,0.13790000000000002,0.1956,0.3668
bursty,1,FIFO,0.6684,0.4454,3316,5546,0.21709999999999996,0.15279999999999994,0.22299999999999998
bursty,1,LRU,0.6087,0.4456,3913,5544,0.27679999999999993,0.15259999999999996,0.16310000000000002
bursty,1,OPT,0.8855,0.5982,1145,4018,0.0,0.0,0.2873
bursty,1,Learned-DT (static),0.7788,0.3765,2212,6235,0.1066999999999999,0.22169999999999995,0.40230000000000005
bursty,1,Learned-LR (static),0.493,0.1483,5070,8517,0.39249999999999996,0.44989999999999997,0.3447
bursty,1,Learned-DT (adaptive),0.7607,0.4092,2393,5908,0.12479999999999991,0.18899999999999995,0.35150000000000003
bursty,2,FIFO,0.6629,0.4268,3371,5732,0.2158,0.15960000000000002,0.23610000000000003
bursty,2,LRU,0.5819,0.4263,4181,5737,0.29680000000000006,0.16010000000000002,0.15559999999999996
bursty,2,OPT,0.8787,0.5864,1213,4136,0.0,0.0,0.2923
bursty,2,Learned-DT (static),0.7732,0.3595,2268,6405,0.10550000000000004,0.22690000000000005,0.4137
bursty,2,Learned-LR (static),0.4754,0.1462,5246,8538,0.40330000000000005,0.44020000000000004,0.3292
bursty,2,Learned-DT (adaptive),0.7412,0.3874,2588,6126,0.13750000000000007,0.199,0.35379999999999995
bursty,3,FIFO,0.7105,0.4398,2895,5602,0.17889999999999995,0.15609999999999996,0.2707
bursty,3,LRU,0.6675,0.4407,3325,5593,0.2219,0.1552,0.2268
bursty,3,OPT,0.8894,0.5959,1106,4041,0.0,0.0,0.2935
bursty,3,Learned-DT (static),0.8014,0.37,1986,6300,0.08799999999999997,0.2259,0.4314
bursty,3,Learned-LR (static),0.4967,0.1653,5033,8347,0.3927,0.4306,0.3314
bursty,3,Learned-DT (adaptive),0.7756,0.423,2244,5770,0.11380000000000001,0.1729,0.35259999999999997
bursty,4,FIFO,0.6565,0.4113,3435,5887,0.2238,0.16569999999999996,0.24519999999999997
bursty,4,LRU,0.6105,0.4115,3895,5885,0.26979999999999993,0.16549999999999998,0.19900000000000007
bursty,4,OPT,0.8803,0.577,1197,4230,0.0,0.0,0.3033
bursty,4,Learned-DT (static),0.7764,0.3812,2236,6188,0.10389999999999999,0.19579999999999997,0.3952
bursty,4,Learned-LR (static),0.5269,0.1679,4731,8321,0.35339999999999994,0.40909999999999996,0.35900000000000004
bursty,4,Learned-DT (adaptive),0.7194,0.3819,2806,6181,0.16089999999999993,0.19509999999999994,0.3375
