,,hit_pre,hit_pre,hit_post,hit_post,hit_drop,hit_drop,faults_pre,faults_pre,faults_post,faults_post,gap_to_opt_pre,gap_to_opt_pre,gap_to_opt_post,gap_to_opt_post
,,mean,std,mean,std,mean,std,mean,std,mean,std,mean,std,mean,std
random,FIFO,0.68674,0.03446553350812952,0.08106,0.0033893952262903813,0.60568,0.03699225594634641,3132.6,344.6553350812954,9189.4,33.89395226290379,0.19837999999999997,0.0293694909727765,0.26276,0.0021267345861672535
random,LRU,0.62248,0.033397185510159376,0.08104,0.003560617923900288,0.54144,0.03485553040766991,3775.2,333.97185510159386,9189.6,35.60617923900287,0.26264,0.028704058946427774,0.26278,0.0020741263220932513
random,OPT,0.88512,0.00561711669809346,0.34382,0.002239866067424551,0.5413,0.006605679374598778,1148.8,56.171166980934274,6561.8,22.39866067424574,0.0,0.0,0.0,0.0
random,Learned-DT (static),0.78416,0.011758741429251686,0.08236,0.003610124651587532,0.7018000000000001,0.011620456101203599,2158.4,117.58741429251685,9176.4,36.10124651587555,0.10095999999999998,0.007586698886867729,0.26146,0.004482521611771641
random,Learned-LR (static),0.49882,0.01861523569552642,0.0787,0.0013910427743243543,0.42012,0.018347670151820386,5011.8,186.152356955264,9213.0,13.91042774324356,0.3863,0.01911609269699227,0.26512,0.0014042791745233283
random,Learned-DT (adaptive),0.75014,0.021201367880398645,0.08062,0.002077739155909622,0.66952,0.021129174143823024,2498.6,212.01367880398664,9193.8,20.777391559096152,0.13498,0.017599346578779554,0.2632,0.001739252713092636
bursty,FIFO,0.68674,0.03446553350812952,0.42996,0.013279420168064581,0.25678,0.03395993227319515,3132.6,344.6553350812954,5700.4,132.79420168064576,0.19837999999999997,0.0293694909727765,0.15805999999999998,0.004901326351101308
bursty,LRU,0.62248,0.033397185510159376,0.42996,0.013530262377352484,0.19252000000000002,0.03201588668145864,3775.2,333.97185510159386,5700.4,135.30262377352486,0.26264,0.028704058946427774,0.15806,0.004971217154782116
bursty,OPT,0.88512,0.00561711669809346,0.58802,0.008932636788765104,0.29710000000000003,0.008866791979064379,1148.8,56.171166980934274,4119.8,89.32636788765114,0.0,0.0,0.0,0.0
bursty,Learned-DT (static),0.78416,0.011758741429251686,0.37683999999999995,0.0139015466765393,0.40732,0.015572957329935778,2158.4,117.58741429251685,6231.6,139.0154667653928,0.10095999999999998,0.007586698886867729,0.21117999999999998,0.019139932079294333
bursty,Learned-LR (static),0.49882,0.01861523569552642,0.1584,0.010289800775525253,0.34042,0.012017154405265856,5011.8,186.152356955264,8416.0,102.8980077552525,0.3863,0.01911609269699227,0.42962,0.01638130031468808
bursty,Learned-DT (adaptive),0.75014,0.021201367880398645,0.39770000000000005,0.017624982269494615,0.35244,0.010394373477992802,2498.6,212.01367880398664,6023.0,176.2498226949463,0.13498,0.017599346578779554,0.19032,0.01038349652092203
